"","uid","tripid","ox","oy","dz","departure","dx","dy","dz","arrival","tdistance","ttime"
"1","614820f9e6","0",717271.160276031,9676865.48856045,2617.3,6.65861,722204.001825998,9677166.81230124,2540.9,7.03611,0.0486070280734451,1359
"2","614820f9e6","1",722212.429993055,9677153.86809919,2539.8,8.66944,722206.10418704,9677236.022475,2538.8,9.12222,6.44586516259091,1630
"3","614820f9e6","2",722207.355322059,9677176.6608619,2538,11.11917,722225.186743445,9677173.84202873,2539.6,11.26194,0.425131179265485,514
"4","614820f9e6","3",722213.479658696,9677162.59262801,2540.7,12.24444,722191.793417305,9677167.55290509,2544.8,13.12417,0.116243823413187,3167
"5","614820f9e6","4",722207.057337709,9677171.67330047,2545.2,14.10444,716997.473731059,9677064.52016927,2617,16.63361,0.70338400310454,9105
"6","614820f9e6","5",717045.790493886,9677059.2160569,2626,6.38472,717045.790493886,9677059.2160569,2626,6.38472,7.76716954278786,0
